{
  "total_items": 1000,
  "unique_items": 900,
  "duplicate_items": 100,
  "dedup_ratio": 0.1,
  "total_time": 0.12887072563171387,
  "lsh_build_time": 0.051431894302368164,
  "dedup_time": 0.054595947265625,
  "processing_speed": 18316.3778647289,
  "embedding_dim": 128,
  "threshold": 0.95,
  "lsh_num_tables": 10,
  "lsh_hash_size": 10,
  "total_comparisons": 5540,
  "speedup": 90.16245487364621,
  "method": "embedding_global_lsh",
  "mode": "global_lsh"
}